{"53":236143456.090648,"17":5874322.143098259,"8":18826779268.4843,"90":1380957707.5212271,"70":472152710.807136,"33":297306569.46155953,"85":655971909.2326343,"21":114641.53471007168,"54":36802392.754113674,"27":1149521713.2507615,"48":150393370.6340156,"88":1458036451.5009918,"13":873100880.8756925,"37":1320988440.9870496,"10":389962849.9280605,"64":1701978032.450189,"4":483424590.9071004,"45":190548463.06841877,"50":120763096.19844072,"34":545268546.1837087,"5":883834498.686953,"82":267901523.32165465,"42":69770740.01226419,"57":1578498104.9847014,"80":1486656229.957266,"20":1953425.078725061,"1":16450386293.19789,"68":2914929176.6371913,"30":4577465131.67842,"58":644786142.2026583,"83":640578800.5172852,"62":661282870.0485818,"31":1873853654.6974027,"56":1139564427.4061055,"69":2969628169.229372,"41":164222296.1992978,"9":1019596512.5981908,"11":2903409192.824454,"60":53168945.635162905,"40":325576749.81205165,"66":1085085033.2920823,"15":673097621.3879298,"59":446035816.3266402,"12":9850314596.879026,"35":657694994.471984,"67":3480518477.212834,"49":53067848.654444575,"46":48236124.71599783,"87":269151135.28240186,"81":377982931.8526681,"84":883925117.8875113,"72":1679561072.039907,"24":567404210.7454896,"3":1068215492.2421252,"38":121983691.70050956,"52":80662961.09044564,"25":2299502504.433917,"6":1927857115.7992415,"79":604117034.9529364,"16":52932156.371506914,"71":2450087953.748271,"63":1906242031.0487745,"7":1084939527.8875556,"75":148610725.44567654,"44":414818626.3405602,"29":2950775971.6301975,"36":479471381.7039153,"28":1242581004.4770503,"43":16109382.70914289,"77":873225533.4370004,"89":308431192.8650023,"74":1136986794.6329055,"26":1302513123.113807,"22":484863393.1999369,"65":842630887.3242762,"23":336817583.114421,"78":1341425026.5329113,"47":18663034.68360444,"18":27676908.223361026,"73":524147568.1258258,"61":911664800.6091936,"86":399581353.65031904,"19":194206.77711740747,"55":8773034.102501582,"32":1747041138.303603,"51":42143748.61760374,"39":317797752.7305248,"76":990178622.8785982,"14":26835841.300549462,"2":16297399084.907944}