{"placements":[{"x":1741.8123875775966,"y":1172.0000005386173},{"x":1731.8123860547996,"y":1172.000001707089}],"volumes":[10.0,10.0]}