{"placements":[{"x":1263.9999916118095,"y":3242.8719935448416},{"x":1263.9999995075311,"y":2486.240987814616},{"x":1263.6564628152314,"y":3219.8641585070473}],"volumes":[10.0,10.0,10.0]}